branch,shortref,command,real,user,sys,ccache
master,a46149c,make,112.3,99.15,8.07,FALSE
master,a46149c,make,118.95,105.31,8.58,FALSE
master,a46149c,make,118.12,104.59,8.52,FALSE
master,a46149c,make,117.28,103.85,8.22,FALSE
master,a46149c,make,124.16,109.49,9.21,FALSE
master,a46149c,make,121.17,106.99,8.71,FALSE
master,a46149c,make,122.33,107.8,9.08,FALSE
master,a46149c,make,132.29,117.17,9.41,FALSE
master,a46149c,make,119.19,104.15,9.26,FALSE
mbland-makefiles-00,a1dbbd3,make,115.54,102.45,8.16,FALSE
mbland-makefiles-00,a1dbbd3,make,118.09,104.52,8.67,FALSE
mbland-makefiles-00,a1dbbd3,make,115.22,101.97,8.28,FALSE
mbland-makefiles-00,a1dbbd3,make,119.73,105.79,9.01,FALSE
mbland-makefiles-00,a1dbbd3,make,125.6,111.12,9.06,FALSE
mbland-makefiles-00,a1dbbd3,make,111.6,98.66,8,FALSE
mbland-makefiles-00,a1dbbd3,make,111.99,99.26,7.88,FALSE
mbland-makefiles-00,a1dbbd3,make,118.89,105.49,8.41,FALSE
mbland-makefiles-00,a1dbbd3,make,125.5,110.49,8.87,FALSE
master,a46149c,make -j4,79.24,105.83,8.73,FALSE
master,a46149c,make -j4,81.33,107.47,8.69,FALSE
master,a46149c,make -j4,82.67,109.39,9.19,FALSE
master,a46149c,make -j4,80.1,106.58,8.71,FALSE
master,a46149c,make -j4,79.72,105.95,8.59,FALSE
master,a46149c,make -j4,80.17,107,9.07,FALSE
master,a46149c,make -j4,83.66,110.56,8.97,FALSE
master,a46149c,make -j4,83.35,110.11,9.19,FALSE
master,a46149c,make -j4,80.92,107.2,8.19,FALSE
mbland-makefiles-00,a1dbbd3,make -j4,45.1,147.76,11.28,FALSE
mbland-makefiles-00,a1dbbd3,make -j4,45.35,148.17,11.08,FALSE
mbland-makefiles-00,a1dbbd3,make -j4,47.68,151.59,11.44,FALSE
mbland-makefiles-00,a1dbbd3,make -j4,46.9,154.92,11.53,FALSE
mbland-makefiles-00,a1dbbd3,make -j4,52.95,166.78,12.15,FALSE
mbland-makefiles-00,a1dbbd3,make -j4,48.35,162.21,12.06,FALSE
mbland-makefiles-00,a1dbbd3,make -j4,50.37,166.11,12.04,FALSE
mbland-makefiles-00,a1dbbd3,make -j4,51.48,166.69,12.46,FALSE
mbland-makefiles-00,a1dbbd3,make -j4,47.09,154.56,11.7,FALSE
mbland-makefiles-00,a1dbbd3,touch ssl/d1_both.c && /usr/bin/time make,6.8,4.83,1.01,FALSE
mbland-makefiles-00,a1dbbd3,touch ssl/d1_both.c && /usr/bin/time make,1.16,0.98,0.09,FALSE
mbland-makefiles-00,a1dbbd3,touch ssl/d1_both.c && /usr/bin/time make,1.15,0.96,0.08,FALSE
mbland-makefiles-00,a1dbbd3,touch ssl/d1_both.c && /usr/bin/time make,1.15,0.96,0.09,FALSE
mbland-makefiles-00,a1dbbd3,touch ssl/d1_both.c && /usr/bin/time make,1.1,0.94,0.07,FALSE
mbland-makefiles-00,a1dbbd3,touch ssl/d1_both.c && /usr/bin/time make,1.2,0.99,0.1,FALSE
mbland-makefiles-00,a1dbbd3,touch ssl/d1_both.c && /usr/bin/time make,1.09,0.9,0.09,FALSE
mbland-makefiles-00,a1dbbd3,touch ssl/d1_both.c && /usr/bin/time make,1.14,0.98,0.07,FALSE
mbland-makefiles-00,a1dbbd3,touch ssl/d1_both.c && /usr/bin/time make,1.13,0.96,0.08,FALSE
mbland-makefiles-00,a1dbbd3,touch ssl/d1_both.c && /usr/bin/time make,1.14,0.95,0.1,FALSE
mbland-makefiles-00,a1dbbd3,touch ssl/d1_both.c && /usr/bin/time make,1.12,0.93,0.09,FALSE
mbland-makefiles-00,a1dbbd3,touch ssl/d1_both.c && /usr/bin/time make,1.17,0.98,0.12,FALSE
mbland-makefiles-00,a1dbbd3,touch ssl/d1_both.c && /usr/bin/time make,1.11,0.92,0.1,FALSE
mbland-makefiles-00,a1dbbd3,touch ssl/d1_both.c && /usr/bin/time make,1.19,1,0.11,FALSE
mbland-makefiles-00,a1dbbd3,touch ssl/d1_both.c && /usr/bin/time make,1.03,0.84,0.1,FALSE
mbland-makefiles-00,a1dbbd3,touch ssl/d1_both.c && /usr/bin/time make,1.12,0.94,0.07,FALSE
mbland-makefiles-00,a1dbbd3,touch ssl/d1_both.c && /usr/bin/time make,1.16,0.98,0.08,FALSE
mbland-makefiles-00,a1dbbd3,touch ssl/d1_both.c && /usr/bin/time make,1.28,1.06,0.13,FALSE
mbland-makefiles-00,a1dbbd3,touch ssl/d1_both.c && /usr/bin/time make,1.17,0.99,0.09,FALSE
master,a46149c,touch ssl/d1_both.c && /usr/bin/time make,0.95,0.59,0.07,FALSE
master,a46149c,touch ssl/d1_both.c && /usr/bin/time make,0.95,0.61,0.07,FALSE
master,a46149c,touch ssl/d1_both.c && /usr/bin/time make,0.94,0.61,0.06,FALSE
master,a46149c,touch ssl/d1_both.c && /usr/bin/time make,0.96,0.59,0.09,FALSE
master,a46149c,touch ssl/d1_both.c && /usr/bin/time make,1.01,0.65,0.09,FALSE
master,a46149c,touch ssl/d1_both.c && /usr/bin/time make,1.01,0.65,0.09,FALSE
master,a46149c,touch ssl/d1_both.c && /usr/bin/time make,1,0.67,0.06,FALSE
master,a46149c,touch ssl/d1_both.c && /usr/bin/time make,1.4,0.98,0.14,FALSE
master,a46149c,touch ssl/d1_both.c && /usr/bin/time make,1.71,1.26,0.22,FALSE
master,a46149c,touch ssl/d1_both.c && /usr/bin/time make,1.65,1.21,0.22,FALSE
master,a46149c,touch ssl/d1_both.c && /usr/bin/time make,1.29,0.86,0.15,FALSE
master,a46149c,touch ssl/d1_both.c && /usr/bin/time make,1.25,0.86,0.13,FALSE
master,a46149c,touch ssl/d1_both.c && /usr/bin/time make,1.35,0.92,0.14,FALSE
master,a46149c,touch ssl/d1_both.c && /usr/bin/time make,1.22,0.82,0.12,FALSE
master,a46149c,touch ssl/d1_both.c && /usr/bin/time make,1.12,0.75,0.1,FALSE
master,a46149c,touch ssl/d1_both.c && /usr/bin/time make,1.12,0.71,0.12,FALSE
master,a46149c,touch ssl/d1_both.c && /usr/bin/time make,1.04,0.66,0.11,FALSE
master,a46149c,touch ssl/d1_both.c && /usr/bin/time make,1.03,0.67,0.09,FALSE
master,a46149c,touch ssl/d1_both.c && /usr/bin/time make,0.98,0.63,0.07,FALSE
master,a46149c,make,16.628,11.69,1.94,TRUE
master,a46149c,make,15.94,11.16,1.83,TRUE
master,a46149c,make,15.985,11.18,1.81,TRUE
master,a46149c,make,16.359,11.5,1.77,TRUE
master,a46149c,make,16.066,11.43,1.65,TRUE
master,a46149c,make,16.046,11.33,1.67,TRUE
mbland-makefiles-00,a1dbbd3,make,16.576,11.85,2.31,TRUE
mbland-makefiles-00,a1dbbd3,make,12.455,8.31,1.53,TRUE
mbland-makefiles-00,a1dbbd3,make,12.751,8.63,1.55,TRUE
mbland-makefiles-00,a1dbbd3,make,12.62,8.66,1.4,TRUE
mbland-makefiles-00,a1dbbd3,make,12.487,8.53,1.52,TRUE
mbland-makefiles-00,a1dbbd3,make,12.473,8.56,1.48,TRUE
master,a46149c,make -j4,11.242,9.73,1.33,TRUE
master,a46149c,make -j4,10.845,9.51,1.27,TRUE
master,a46149c,make -j4,10.922,9.42,1.51,TRUE
master,a46149c,make -j4,11.155,9.69,1.44,TRUE
master,a46149c,make -j4,11.132,9.89,1.4,TRUE
master,a46149c,make -j4,11.247,9.78,1.47,TRUE
mbland-makefiles-00,a1dbbd3,make -j4,5.654,14.02,2.37,TRUE
mbland-makefiles-00,a1dbbd3,make -j4,5.634,14.04,2.41,TRUE
mbland-makefiles-00,a1dbbd3,make -j4,5.366,13.16,2.23,TRUE
mbland-makefiles-00,a1dbbd3,make -j4,5.315,13.15,2.22,TRUE
mbland-makefiles-00,a1dbbd3,make -j4,5.666,13.14,2.4,TRUE
mbland-makefiles-00,a1dbbd3,make -j4,5.667,13.22,2.27,TRUE
master,a46149c,make test,52.21,37.03,3.53,TRUE
master,a46149c,make test,53.07,37.82,3.63,TRUE
master,a46149c,make test,52.41,37.1,3.68,TRUE
master,a46149c,make test,52.93,37.25,3.53,TRUE
master,a46149c,make test,52.48,36.88,3.72,TRUE
master,a46149c,make test,53.87,38.38,3.94,TRUE
mbland-makefiles-00,a1dbbd3,make test,49.68,34.57,3.72,TRUE
mbland-makefiles-00,a1dbbd3,make test,47.892,33.32,3.49,TRUE
mbland-makefiles-00,a1dbbd3,make test,47.95,33.5,3.25,TRUE
mbland-makefiles-00,a1dbbd3,make test,48.639,34.26,3.21,TRUE
mbland-makefiles-00,a1dbbd3,make test,48.107,33.95,3.12,TRUE
mbland-makefiles-00,a1dbbd3,make test,49.234,34.59,3.44,TRUE
